A,B
cll2sczvx0000mj089f2m52wz,cll2sczvx0001mj08jq8j8zxi
clpd4p2sf002ba51s9x8un3mu,cll2sczvx0001mj08jq8j8zxi
clpei3cnj0031bqkfioqr3mb9,cll2sczvx0001mj08jq8j8zxi
clpeibal4004cbqkf6iaeu04w,cll2sczvx0001mj08jq8j8zxi
clpeikqx60066bqkf256gmvlh,cll2sczvx0001mj08jq8j8zxi
cllcsbtgz0000kx08f23g4wo8,cllcsbtgz0001kx08cd3t93ee
clpd3nsh0000e1ann4i5f8x2q,cllcsbtgz0001kx08cd3t93ee
clpd6qy4700369sotrz0rpl1w,cllcsbtgz0001kx08cd3t93ee
clpdngo9w0008qno9rimyp1jc,cllcsbtgz0001kx08cd3t93ee
clpei3y0m0036bqkfavewjaxd,cllcsbtgz0001kx08cd3t93ee
clpei490m0039bqkfvwe1pnam,cllcsbtgz0001kx08cd3t93ee
clpei8mjw003xbqkfwghao35f,cllcsbtgz0001kx08cd3t93ee
clpeicdrm004mbqkfm60v0h5v,cllcsbtgz0001kx08cd3t93ee
clpeijtkb005wbqkfkqcrfj6t,cllcsbtgz0001kx08cd3t93ee
clpeilpv7006dbqkfh9phfn6n,cllcsbtgz0001kx08cd3t93ee
clpejoyrp000034reknb3wgt9,cllcsbtgz0001kx08cd3t93ee
clpejxui0001k34reeynokimx,cllcsbtgz0001kx08cd3t93ee
clpejzun3001s34reql44kz30,cllcsbtgz0001kx08cd3t93ee
clpek4p2s002e34retttdsrn8,cllcsbtgz0001kx08cd3t93ee
clpek4uet002g34rezmvzgz3b,cllcsbtgz0001kx08cd3t93ee
clpek4z1p002i34rep5ip1obb,cllcsbtgz0001kx08cd3t93ee
clpek54mc002k34retijk2f81,cllcsbtgz0001kx08cd3t93ee
clpek5c33002m34re2tov24n9,cllcsbtgz0001kx08cd3t93ee
clpek5fuh002o34rehlxmlplr,cllcsbtgz0001kx08cd3t93ee
clpek5jqx002q34rerbju46wb,cllcsbtgz0001kx08cd3t93ee
clpek6u61003034rexc01bi7e,cllcsbtgz0001kx08cd3t93ee
clpek6z34003234reoby4zsbq,cllcsbtgz0001kx08cd3t93ee
clpek72wc003434remvzid530,cllcsbtgz0001kx08cd3t93ee
clpeka6cz003c34re9vgyhco5,cllcsbtgz0001kx08cd3t93ee
clpeka9jg003e34re716ixet3,cllcsbtgz0001kx08cd3t93ee
clpekactv003g34redxi203g4,cllcsbtgz0001kx08cd3t93ee
clpekafm4003i34redtnoms7g,cllcsbtgz0001kx08cd3t93ee
clpekajvj003k34re9c9crv4s,cllcsbtgz0001kx08cd3t93ee
clpekaog7003m34rex8ohpa90,cllcsbtgz0001kx08cd3t93ee
clpekascd003o34re1ofunckz,cllcsbtgz0001kx08cd3t93ee
clpekd67g003y34re9258pm7d,cllcsbtgz0001kx08cd3t93ee
clpekd9gp004034retow3b2ej,cllcsbtgz0001kx08cd3t93ee
clpekdd0d004234rehijgdwgn,cllcsbtgz0001kx08cd3t93ee
clpekdvvl004734reazzi75ry,cllcsbtgz0001kx08cd3t93ee
clpekdzm5004934rem18puyzg,cllcsbtgz0001kx08cd3t93ee
clpeke315004b34rev866obp4,cllcsbtgz0001kx08cd3t93ee
clpekg0fu004m34re9tzne28h,cllcsbtgz0001kx08cd3t93ee
clpekj4tg004o34refrm7qtg1,cllcsbtgz0001kx08cd3t93ee
clpekjl0w004t34rebod7tbjx,cllcsbtgz0001kx08cd3t93ee
clpekjo6t004v34rehly1ddl0,cllcsbtgz0001kx08cd3t93ee
clpekjrgu004x34re7dlsl57u,cllcsbtgz0001kx08cd3t93ee
clpekjuhe004z34res4yl0vgs,cllcsbtgz0001kx08cd3t93ee
clpekjxri005134refh7dwv8w,cllcsbtgz0001kx08cd3t93ee
clpekk22a005334rea7xmpy7j,cllcsbtgz0001kx08cd3t93ee
clpekk6t6005534re0cq4fjnx,cllcsbtgz0001kx08cd3t93ee
clpekka85005734regabp7l9e,cllcsbtgz0001kx08cd3t93ee
clpekkdl3005934rei3xh38wa,cllcsbtgz0001kx08cd3t93ee
clpekkhkd005b34retdy6m2qa,cllcsbtgz0001kx08cd3t93ee
clpekn48m005y34reudte8ljj,cllcsbtgz0001kx08cd3t93ee
clpekn7f0006034re21rokum8,cllcsbtgz0001kx08cd3t93ee
clpeknay0006234re2hsxbo46,cllcsbtgz0001kx08cd3t93ee
clpeknesb006434relbzbotys,cllcsbtgz0001kx08cd3t93ee
clpeknias006634refpjny62w,cllcsbtgz0001kx08cd3t93ee
clpeknlqs006834re0l4doh6d,cllcsbtgz0001kx08cd3t93ee
clpeknp3l006a34re1nc3cima,cllcsbtgz0001kx08cd3t93ee
clpekns7n006c34re4bana0ag,cllcsbtgz0001kx08cd3t93ee
clpeknwjj006e34re0ddvzwrj,cllcsbtgz0001kx08cd3t93ee
clpeko0kk006g34rew2rwnv26,cllcsbtgz0001kx08cd3t93ee
clpeko55t006i34re9ayl11cb,cllcsbtgz0001kx08cd3t93ee
clpekonii006m34rewd3hkxqm,cllcsbtgz0001kx08cd3t93ee
clpekory4006o34res3japmgk,cllcsbtgz0001kx08cd3t93ee
clpekqil2007534rey5z7c36q,cllcsbtgz0001kx08cd3t93ee
clpekrvdt007h34rej8qazvef,cllcsbtgz0001kx08cd3t93ee
clpekrz45007j34re4uud4a82,cllcsbtgz0001kx08cd3t93ee
clrjh2ywd0000uduefco4w4kt,cllcsbtgz0001kx08cd3t93ee
clpd31ace0000bgq64tw1imni,clpd31acf0001bgq6svi47r6t
clpd325uu0002bgq6qokzyjv4,clpd325uu0003bgq6n044wl1v
clpd3j4f200041annfzy4k12c,clpd325uu0003bgq6n044wl1v
clpd3lrx2000a1annijdz4z8g,clpd325uu0003bgq6n044wl1v
clpd490p30009a51s5zdr0sf1,clpd325uu0003bgq6n044wl1v
clpd4ddp9000oa51sef0ak0hl,clpd325uu0003bgq6n044wl1v
clpd4eyvt000ua51sqycb33ct,clpd325uu0003bgq6n044wl1v
clpd4iowj001fa51sqxy379lc,clpd325uu0003bgq6n044wl1v
clpd4jxul001oa51snqht8r1i,clpd325uu0003bgq6n044wl1v
clpd55v14003ka51sk27ani4q,clpd325uu0003bgq6n044wl1v
clpd5cr5o004na51sqv47cb6d,clpd325uu0003bgq6n044wl1v
clpd6379b00009sotvb96pk22,clpd325uu0003bgq6n044wl1v
clpd65jiu000d9sotyisc8vnf,clpd325uu0003bgq6n044wl1v
clpd6c6yc001e9sotsjx6g4a9,clpd325uu0003bgq6n044wl1v
clpdnl8fb0019qno93kulpa2d,clpd325uu0003bgq6n044wl1v
clpei8b7p003tbqkfc4s3jinm,clpd325uu0003bgq6n044wl1v
clpeidz7g004vbqkfuys4053k,clpd325uu0003bgq6n044wl1v
clpeifnvf0054bqkfdv4nqjt6,clpd325uu0003bgq6n044wl1v
clpeikhi30062bqkfcvpqkhtn,clpd325uu0003bgq6n044wl1v
clpeir2uw007fbqkfg5xe9qkh,clpd325uu0003bgq6n044wl1v
clpeislif007nbqkfp2hxd07t,clpd325uu0003bgq6n044wl1v
clpek6f32002v34rep0qhfw3s,clpd325uu0003bgq6n044wl1v
clpek6q65002y34rexkb9ceiu,clpd325uu0003bgq6n044wl1v
clpekq58v007034reoic1kyb1,clpd325uu0003bgq6n044wl1v
cltdenkiq0001o79r38126ux7,clpd325uu0003bgq6n044wl1v
clpd325uu0002bgq6qokzyjv4,clpd325uu0004bgq6hu1p3scl
clpd4jj0d001la51sdfeohh1c,clpd325uu0004bgq6hu1p3scl
clpd5ni1q0007cwpbdt56acwb,clpd325uu0004bgq6hu1p3scl
clpd5npjk000acwpbj9llzxjx,clpd325uu0004bgq6hu1p3scl
clpd5o8un000dcwpb9ha7q5n2,clpd325uu0004bgq6hu1p3scl
clpd5rik7000tcwpb00hnanog,clpd325uu0004bgq6hu1p3scl
clpd5udil001ecwpb815n14x9,clpd325uu0004bgq6hu1p3scl
clpd6i371001y9sotxhtn1z0m,clpd325uu0004bgq6hu1p3scl
clpd6kh0k002a9sotdbgpmnr5,clpd325uu0004bgq6hu1p3scl
clpd6pup0002x9sotbw3q1bsy,clpd325uu0004bgq6hu1p3scl
clpd708ws004t9sotq4kx4cvb,clpd325uu0004bgq6hu1p3scl
clpd788q5005g9sot8d0zcaw4,clpd325uu0004bgq6hu1p3scl
clpd78xy7005n9sot7gdojww6,clpd325uu0004bgq6hu1p3scl
clpdmzjoy000eqkjeefiy5m4a,clpd325uu0004bgq6hu1p3scl
clpdn3e0u000xqkjerhknozhx,clpd325uu0004bgq6hu1p3scl
clpdn3isc000zqkjeljhe2p51,clpd325uu0004bgq6hu1p3scl
clpdn3ov70011qkje2exsdtv9,clpd325uu0004bgq6hu1p3scl
clpei8b7p003tbqkfc4s3jinm,clpd325uu0004bgq6hu1p3scl
clpei9b7l0040bqkfupivuwbt,clpd325uu0004bgq6hu1p3scl
clpeic4ce004jbqkfp1vvz2sp,clpd325uu0004bgq6hu1p3scl
clpeiix5b005pbqkfx4b4jkea,clpd325uu0004bgq6hu1p3scl
clpeimgbf006jbqkfmynn9lyf,clpd325uu0004bgq6hu1p3scl
clpejpv5m000a34ref5vowo6m,clpd325uu0004bgq6hu1p3scl
clpeksdzy007n34rep9g1xcuq,clpd325uu0004bgq6hu1p3scl
clpektaz3007u34renhlv2uwh,clpd325uu0004bgq6hu1p3scl
clpekvsb8008734ref8feh7e2,clpd325uu0004bgq6hu1p3scl
clpg7xktn0000yjmaxou6zqpl,clpd325uu0004bgq6hu1p3scl
clpd332ht0005bgq6h22vl2lv,clpd332ht0006bgq6k51fld1u
clpd37z5q000fbgq69gfz3qog,clpd332ht0006bgq6k51fld1u
clpd3p99y000g1annpjbsezit,clpd332ht0006bgq6k51fld1u
clpd4aymz000ea51smi9e1sgi,clpd332ht0006bgq6k51fld1u
clpd4bln7000ia51suy4xlvku,clpd332ht0006bgq6k51fld1u
clpd4cgci000ka51s5zrv6qju,clpd332ht0006bgq6k51fld1u
clpd4cqd1000ma51smu2br9bc,clpd332ht0006bgq6k51fld1u
clpd4k6mx001ra51s9hd49o2m,clpd332ht0006bgq6k51fld1u
clpd4kgzj001ta51snxs2wckm,clpd332ht0006bgq6k51fld1u
clpd5qzrs000qcwpbwyj0u3p2,clpd332ht0006bgq6k51fld1u
clpdnfv0v0004qno9bebvjwt3,clpd332ht0006bgq6k51fld1u
clpdnjslj000zqno9o25nnuoj,clpd332ht0006bgq6k51fld1u
clpeifnvf0054bqkfdv4nqjt6,clpd332ht0006bgq6k51fld1u
clpejp5lu000434rea73m9kyv,clpd332ht0006bgq6k51fld1u
clpejs53s000q34re4ir5etzz,clpd332ht0006bgq6k51fld1u
clpejure5001234reyeu0lpyw,clpd332ht0006bgq6k51fld1u
clpekflgq004i34reuhg01wkr,clpd332ht0006bgq6k51fld1u
clpekl5x3005h34replsce3q5,clpd332ht0006bgq6k51fld1u
clpekp3pb006q34re2ngl0s2c,clpd332ht0006bgq6k51fld1u
clpeks5iy007l34rekpd0tkmq,clpd332ht0006bgq6k51fld1u
clpeksz9o007s34rexedazr7q,clpd332ht0006bgq6k51fld1u
clpeku65h008034remgp38rzq,clpd332ht0006bgq6k51fld1u
clplmxs7m0000usrzpeji133r,clpd332ht0006bgq6k51fld1u
clpd33q0g0007bgq6cysi3576,clpd33q0g0008bgq6jwcs6zdw
clpd356620009bgq62zfiir8c,clpd33q0g0008bgq6jwcs6zdw
clpd3hsge00001anni64v42d8,clpd33q0g0008bgq6jwcs6zdw
clpd3i8vz00021annwb9g4g19,clpd33q0g0008bgq6jwcs6zdw
clpd366dq000bbgq6r3zjvu1r,clpd366dr000cbgq6l4wsyl93
clpehhhi30000bqkfzvk1n0ls,clpd366dr000cbgq6l4wsyl93
clpd37amn000dbgq67lphfcrp,clpd37amn000ebgq68vapsdhj
clpd3pmhp000j1ann7einx90t,clpd37amn000ebgq68vapsdhj
clpekeyim004d34rej68n3pix,clpd37amn000ebgq68vapsdhj
clpd3jnau00061annrabuaihy,clpd3jnau00071annwg4l0hpb
clpd3k3vw00081ann8hdslwcx,clpd3jnau00071annwg4l0hpb
clpd3nbwl000c1annxgxjy561,clpd3jnau00071annwg4l0hpb
clpd463m50002a51s8e5v201f,clpd3jnau00071annwg4l0hpb
clpd48m4r0007a51s5tun1k08,clpd3jnau00071annwg4l0hpb
clpd49l9u000ca51sn280v3d1,clpd3jnau00071annwg4l0hpb
clpd4b6lj000ga51sot4kv452,clpd3jnau00071annwg4l0hpb
clpd4duhs000qa51s8c9ggawr,clpd3jnau00071annwg4l0hpb
clpd4eb3p000sa51skyq8qmku,clpd3jnau00071annwg4l0hpb
clpd4hz7p001da51s32uzod52,clpd3jnau00071annwg4l0hpb
clpd4kgzj001ta51snxs2wckm,clpd3jnau00071annwg4l0hpb
clpd4l66y001za51sjqew7r2u,clpd3jnau00071annwg4l0hpb
clpd4ng9d0029a51s1x7l0jk1,clpd3jnau00071annwg4l0hpb
clpd4pbun002da51sk7wk70yf,clpd3jnau00071annwg4l0hpb
clpd4phgv002fa51st3wr5uqe,clpd3jnau00071annwg4l0hpb
clpd4pnvv002ha51sqiqsi3u7,clpd3jnau00071annwg4l0hpb
clpd4psiu002ja51skc3m8q5c,clpd3jnau00071annwg4l0hpb
clpd5daah004sa51sx7wktcrk,clpd3jnau00071annwg4l0hpb
clpd5dkl5004ua51s3ak31bn1,clpd3jnau00071annwg4l0hpb
clpd5eluu004za51sdjcugp8y,clpd3jnau00071annwg4l0hpb
clpd5lkq60002cwpbjoy38w3e,clpd3jnau00071annwg4l0hpb
clpd5ni1q0007cwpbdt56acwb,clpd3jnau00071annwg4l0hpb
clpd5npjk000acwpbj9llzxjx,clpd3jnau00071annwg4l0hpb
clpd5o8un000dcwpb9ha7q5n2,clpd3jnau00071annwg4l0hpb
clpd5owqc000gcwpb9x8zotnj,clpd3jnau00071annwg4l0hpb
clpd5puh2000kcwpb7wybuzok,clpd3jnau00071annwg4l0hpb
clpd5q4m1000mcwpbiufqktp0,clpd3jnau00071annwg4l0hpb
clpd5qimp000ocwpb82801e3x,clpd3jnau00071annwg4l0hpb
clpd5qzrs000qcwpbwyj0u3p2,clpd3jnau00071annwg4l0hpb
clpd5ro60000vcwpbu70eb6tx,clpd3jnau00071annwg4l0hpb
clpd5sa8n0010cwpb8z3sw9pv,clpd3jnau00071annwg4l0hpb
clpd5spth0012cwpb8qf5o84p,clpd3jnau00071annwg4l0hpb
clpd5sy0t0015cwpb4fixe302,clpd3jnau00071annwg4l0hpb
clpd5tg1u0018cwpb8y7ex0v2,clpd3jnau00071annwg4l0hpb
clpd5ts2k001bcwpblt562res,clpd3jnau00071annwg4l0hpb
clpd5udil001ecwpb815n14x9,clpd3jnau00071annwg4l0hpb
clpd5uk9u001icwpbz3fgjizc,clpd3jnau00071annwg4l0hpb
clpd5uq8o001kcwpbmwleyfs6,clpd3jnau00071annwg4l0hpb
clpd63mta00049sotecgbe766,clpd3jnau00071annwg4l0hpb
clpd63vr800069sotg5ylg3zz,clpd3jnau00071annwg4l0hpb
clpd67lao000k9sotfaian879,clpd3jnau00071annwg4l0hpb
clpd67s0q000m9sotusv43neu,clpd3jnau00071annwg4l0hpb
clpd68dk5000o9sottx8unxnn,clpd3jnau00071annwg4l0hpb
clpd68pl7000q9sotjdb01iuo,clpd3jnau00071annwg4l0hpb
clpd68x8o000s9sot7j07q8wq,clpd3jnau00071annwg4l0hpb
clpd69bqs000u9sotunfhmu5o,clpd3jnau00071annwg4l0hpb
clpd69icq000w9sotf7nin23f,clpd3jnau00071annwg4l0hpb
clpd69rmy000y9sotdhi33qu2,clpd3jnau00071annwg4l0hpb
clpd6ays500149sotpm43knki,clpd3jnau00071annwg4l0hpb
clpd6b97a00179sotox0hw2e9,clpd3jnau00071annwg4l0hpb
clpd6bsjl001b9sotkf3179ir,clpd3jnau00071annwg4l0hpb
clpd6ckdx001h9sotnk0jewro,clpd3jnau00071annwg4l0hpb
clpd6cx6q001j9sotq5hnc5sq,clpd3jnau00071annwg4l0hpb
clpd6d5e8001l9sotuuw15j3k,clpd3jnau00071annwg4l0hpb
clpd6dh5c001o9sot8zs2m35a,clpd3jnau00071annwg4l0hpb
clpd6dr8g001q9sotmc34pbjl,clpd3jnau00071annwg4l0hpb
clpd6e2er001s9sotl208l1rg,clpd3jnau00071annwg4l0hpb
clpd6eftw001u9sotb5yta2br,clpd3jnau00071annwg4l0hpb
clpd6i371001y9sotxhtn1z0m,clpd3jnau00071annwg4l0hpb
clpd6jnss00239sotyruuph5r,clpd3jnau00071annwg4l0hpb
clpd6jwoj00259sotp5vyjouw,clpd3jnau00071annwg4l0hpb
clpd6k8zm00289sotuz0d0p49,clpd3jnau00071annwg4l0hpb
clpd6kh0k002a9sotdbgpmnr5,clpd3jnau00071annwg4l0hpb
clpd6kqf8002d9sot0k1mv30e,clpd3jnau00071annwg4l0hpb
clpd6n7fk002f9sotizvvx9d9,clpd3jnau00071annwg4l0hpb
clpd6nf61002h9sot2az81xhd,clpd3jnau00071annwg4l0hpb
clpd6nnmv002j9sotr6avx6fn,clpd3jnau00071annwg4l0hpb
clpd6nw5r002l9sottbxm2629,clpd3jnau00071annwg4l0hpb
clpd6o9fi002n9sot3snn6toe,clpd3jnau00071annwg4l0hpb
clpd6pc3e002s9sotxw4uljl7,clpd3jnau00071annwg4l0hpb
clpd6pup0002x9sotbw3q1bsy,clpd3jnau00071annwg4l0hpb
clpd6ruv100399sotcfm78ht1,clpd3jnau00071annwg4l0hpb
clpd6szbv003e9sotwsx3a4fd,clpd3jnau00071annwg4l0hpb
clpd6tgms003i9sotvc28mbaa,clpd3jnau00071annwg4l0hpb
clpd6uni4003r9sotmy85akm0,clpd3jnau00071annwg4l0hpb
clpd6vkpu003v9sotunln9kib,clpd3jnau00071annwg4l0hpb
clpd6vse2003x9sot5uy7ksmt,clpd3jnau00071annwg4l0hpb
clpd6yhpw004j9sot84zo3zrp,clpd3jnau00071annwg4l0hpb
clpd6zhiw004o9sot79sy45nl,clpd3jnau00071annwg4l0hpb
clpd6zv9j004q9sotlod1pbui,clpd3jnau00071annwg4l0hpb
clpd708ws004t9sotq4kx4cvb,clpd3jnau00071annwg4l0hpb
clpd788q5005g9sot8d0zcaw4,clpd3jnau00071annwg4l0hpb
clpd78eo2005j9sotqn5rdx2h,clpd3jnau00071annwg4l0hpb
clpd78lea005l9sotqwh4k90y,clpd3jnau00071annwg4l0hpb
clpdmxhjq0002qkjemln4c928,clpd3jnau00071annwg4l0hpb
clpdmz8kt000cqkjeag3o48he,clpd3jnau00071annwg4l0hpb
clpdmzjoy000eqkjeefiy5m4a,clpd3jnau00071annwg4l0hpb
clpdn0ov6000iqkje6bnvd2g4,clpd3jnau00071annwg4l0hpb
clpdn44o20013qkjet68mdauj,clpd3jnau00071annwg4l0hpb
clpdn4wdx0019qkjedef7ou6g,clpd3jnau00071annwg4l0hpb
clpdn54mh001bqkjeip2q6ige,clpd3jnau00071annwg4l0hpb
clpdn6yq7001qqkje4pvokn20,clpd3jnau00071annwg4l0hpb
clpdnlf24001cqno9l394m6yt,clpd3jnau00071annwg4l0hpb
clpei6ays003mbqkfc55debzj,clpd3jnau00071annwg4l0hpb
clpei7rsp003rbqkfo1kb0cg8,clpd3jnau00071annwg4l0hpb
clpeidhlt004sbqkfkidwr079,clpd3jnau00071annwg4l0hpb
clpeihbrf005gbqkfocjwr7dw,clpd3jnau00071annwg4l0hpb
clpeiiioj005mbqkflzg9y0a3,clpd3jnau00071annwg4l0hpb
clpeinxpx006wbqkf4u3jb0wp,clpd3jnau00071annwg4l0hpb
clpeio4sp006ybqkfc487e6j6,clpd3jnau00071annwg4l0hpb
clpeiofvq0070bqkf9zeprydq,clpd3jnau00071annwg4l0hpb
clpeios0s0072bqkf79a7fp89,clpd3jnau00071annwg4l0hpb
clpeip62y0074bqkf4qcldo35,clpd3jnau00071annwg4l0hpb
clpeipdcy0077bqkfk3kqku8m,clpd3jnau00071annwg4l0hpb
clpeipz7b0079bqkftzfv1cl3,clpd3jnau00071annwg4l0hpb
clpeir2uw007fbqkfg5xe9qkh,clpd3jnau00071annwg4l0hpb
clpejpftv000634remfqktqt1,clpd3jnau00071annwg4l0hpb
clpejpl44000834rez577ryy4,clpd3jnau00071annwg4l0hpb
clpejs53s000q34re4ir5etzz,clpd3jnau00071annwg4l0hpb
clpejt0zt000z34rea3hxyxuf,clpd3jnau00071annwg4l0hpb
clpejwynb001f34reujjcihpm,clpd3jnau00071annwg4l0hpb
clpejz60j001q34regcia75r1,clpd3jnau00071annwg4l0hpb
clpek1hys001x34rez7lz5c1l,clpd3jnau00071annwg4l0hpb
clpek1wut001z34re22z406eq,clpd3jnau00071annwg4l0hpb
clpekp3pb006q34re2ngl0s2c,clpd3jnau00071annwg4l0hpb
clpekpllv006u34rebacwsopi,clpd3jnau00071annwg4l0hpb
clpekqesx007334rey4l2pqv4,clpd3jnau00071annwg4l0hpb
clpekr7fs007a34rebxus07dg,clpd3jnau00071annwg4l0hpb
clpeksdzy007n34rep9g1xcuq,clpd3jnau00071annwg4l0hpb
clpektaz3007u34renhlv2uwh,clpd3jnau00071annwg4l0hpb
clpektpzg007x34regxj4wake,clpd3jnau00071annwg4l0hpb
clpeku65h008034remgp38rzq,clpd3jnau00071annwg4l0hpb
clpekvsb8008734ref8feh7e2,clpd3jnau00071annwg4l0hpb
clpg7xktn0000yjmaxou6zqpl,clpd3jnau00071annwg4l0hpb
clq8dt3of0002dtfu7molpso7,clpd3jnau00071annwg4l0hpb
clrjh2ywd0000uduefco4w4kt,clpd3jnau00071annwg4l0hpb
cltdeobte0005o79rc8wi1nvq,clpd3jnau00071annwg4l0hpb
clpd3p99y000g1annpjbsezit,clpd3p99y000h1anngsrdclce
clpd63fc500029sotc0ts840p,clpd3p99y000h1anngsrdclce
clpd6q2y600309sot4iirxr8f,clpd3p99y000h1anngsrdclce
clpejsjnk000v34rehpc608bz,clpd3p99y000h1anngsrdclce
clpejsr3j000x34re5d76okow,clpd3p99y000h1anngsrdclce
clpekrqcv007d34re2ba2o56k,clpd3p99y000h1anngsrdclce
clpekw5j2008a34rejzjb8gjl,clpd3p99y000h1anngsrdclce
clpd45qjb0000a51s3ac31na3,clpd45qjd0001a51s71vi0jc2
clpd4f8kw000ya51sfwjuc2at,clpd45qjd0001a51s71vi0jc2
clpd485c00004a51svr683tj3,clpd485c00005a51sxyuwiwyh
clpd490p30009a51s5zdr0sf1,clpd485c00005a51sxyuwiwyh
clpd4eyvt000ua51sqycb33ct,clpd485c00005a51sxyuwiwyh
clpd4hlfo001aa51s4x4xp0mb,clpd485c00005a51sxyuwiwyh
clpd4iylk001ia51sumztqbgq,clpd485c00005a51sxyuwiwyh
clpd4kwsk001wa51smky05cgq,clpd485c00005a51sxyuwiwyh
clpd5mb9o0004cwpbet0esftf,clpd485c00005a51sxyuwiwyh
clpd5rxc0000xcwpb2ngmhdpe,clpd485c00005a51sxyuwiwyh
clpd6a3sq00109sotc9f0iujr,clpd485c00005a51sxyuwiwyh
clpd6ufdd003o9sotsykfbnjs,clpd485c00005a51sxyuwiwyh
clpdnh1b8000bqno9wtginx8s,clpd485c00005a51sxyuwiwyh
clpdnhd8h000fqno9l5knq9yl,clpd485c00005a51sxyuwiwyh
clpdnholf000jqno9ocwyk2h9,clpd485c00005a51sxyuwiwyh
clpei5igf003hbqkflpuk4n3d,clpd485c00005a51sxyuwiwyh
clpeiaxjw0049bqkfo8zdsmsb,clpd485c00005a51sxyuwiwyh
clpeigs28005cbqkfduck8y77,clpd485c00005a51sxyuwiwyh
clpeim0ec006gbqkf0qla68dk,clpd485c00005a51sxyuwiwyh
clpek15sx001u34recbl3nz2l,clpd485c00005a51sxyuwiwyh
clpekdnoa004434re50rzo644,clpd485c00005a51sxyuwiwyh
clpeklyc9005m34re980iysxj,clpd485c00005a51sxyuwiwyh
clpekpwz6006w34reiixttspe,clpd485c00005a51sxyuwiwyh
clpekvhoe008334rek5j32o10,clpd485c00005a51sxyuwiwyh
clpd485c00004a51svr683tj3,clpd485c00006a51s0i19urig
clpd4eyvt000ua51sqycb33ct,clpd485c00006a51s0i19urig
clpd4fpwh0010a51sz7mwo2ti,clpd485c00006a51s0i19urig
clpd4g01w0012a51sc4lvtwo4,clpd485c00006a51s0i19urig
clpd4gahb0014a51sd6wfn0hj,clpd485c00006a51s0i19urig
clpd4gqqm0016a51s6on6ww89,clpd485c00006a51s0i19urig
clpd4h1610018a51seffpovi5,clpd485c00006a51s0i19urig
clpd4iowj001fa51sqxy379lc,clpd485c00006a51s0i19urig
clpd4iylk001ia51sumztqbgq,clpd485c00006a51s0i19urig
clpd4jj0d001la51sdfeohh1c,clpd485c00006a51s0i19urig
clpd4jxul001oa51snqht8r1i,clpd485c00006a51s0i19urig
clpd4n4kb0027a51swoebtowr,clpd485c00006a51s0i19urig
clpd4rv4g002la51s6s3n54yx,clpd485c00006a51s0i19urig
clpd4upxl002oa51szxfrei9f,clpd485c00006a51s0i19urig
clpd4wpsv002ra51scwhjtmjs,clpd485c00006a51s0i19urig
clpd4y6ua002va51suy63tc2b,clpd485c00006a51s0i19urig
clpd4z2hj002ya51s6ms5y6hr,clpd485c00006a51s0i19urig
clpd4zkxu0031a51smwl14jsk,clpd485c00006a51s0i19urig
clpd53or20035a51s3vucgznf,clpd485c00006a51s0i19urig
clpd542w10038a51sft6y3yx0,clpd485c00006a51s0i19urig
clpd54nvm003ba51s4tggarj3,clpd485c00006a51s0i19urig
clpd550io003ea51sus5oosik,clpd485c00006a51s0i19urig
clpd55f19003ha51sl9j0be5a,clpd485c00006a51s0i19urig
clpd55v14003ka51sk27ani4q,clpd485c00006a51s0i19urig
clpd57b3k003oa51se8iokkbl,clpd485c00006a51s0i19urig
clpd583zm003ra51s9l7dkyq9,clpd485c00006a51s0i19urig
clpd58pay003ua51shx1ymg0h,clpd485c00006a51s0i19urig
clpd594v9003xa51shsch3vhj,clpd485c00006a51s0i19urig
clpd59pm10040a51smawc30ke,clpd485c00006a51s0i19urig
clpd59wst0043a51slafzambn,clpd485c00006a51s0i19urig
clpd5a38c0045a51shifjkc82,clpd485c00006a51s0i19urig
clpd5auk80047a51sntcd8v58,clpd485c00006a51s0i19urig
clpd5be2n004aa51svl5r4900,clpd485c00006a51s0i19urig
clpd5bzrj004fa51sffzmfxru,clpd485c00006a51s0i19urig
clpd5c61y004ia51s6wrllowi,clpd485c00006a51s0i19urig
clpd5cf7m004ka51sc5y0j8ty,clpd485c00006a51s0i19urig
clpd5cr5o004na51sqv47cb6d,clpd485c00006a51s0i19urig
clpd5d49x004qa51sk8jqqwmv,clpd485c00006a51s0i19urig
clpd5dkl5004ua51s3ak31bn1,clpd485c00006a51s0i19urig
clpd5e2ko004xa51sjlx0foda,clpd485c00006a51s0i19urig
clpd5mb9o0004cwpbet0esftf,clpd485c00006a51s0i19urig
clpd5rxc0000xcwpb2ngmhdpe,clpd485c00006a51s0i19urig
clpd5spth0012cwpb8qf5o84p,clpd485c00006a51s0i19urig
clpd5sy0t0015cwpb4fixe302,clpd485c00006a51s0i19urig
clpd5tg1u0018cwpb8y7ex0v2,clpd485c00006a51s0i19urig
clpd5ts2k001bcwpblt562res,clpd485c00006a51s0i19urig
clpd5udil001ecwpb815n14x9,clpd485c00006a51s0i19urig
clpd5uw6e001mcwpbvpo6k2f9,clpd485c00006a51s0i19urig
clpd5v4wc001ocwpbmehr1row,clpd485c00006a51s0i19urig
clpd5veki001qcwpb11rim8jp,clpd485c00006a51s0i19urig
clpd6563p000a9sotz4p5yhba,clpd485c00006a51s0i19urig
clpd66cb3000g9sotm11wp2og,clpd485c00006a51s0i19urig
clpd66x3f000i9sotzyyderxj,clpd485c00006a51s0i19urig
clpd6aq9b00129sot91ojlofz,clpd485c00006a51s0i19urig
clpd6ays500149sotpm43knki,clpd485c00006a51s0i19urig
clpd6bhjl00199sotqq5ufdfh,clpd485c00006a51s0i19urig
clpd6bsjl001b9sotkf3179ir,clpd485c00006a51s0i19urig
clpd6c6yc001e9sotsjx6g4a9,clpd485c00006a51s0i19urig
clpd6d5e8001l9sotuuw15j3k,clpd485c00006a51s0i19urig
clpd6htb7001w9sotvb1jc3gf,clpd485c00006a51s0i19urig
clpd6ouqy002p9sot1nnw2b4k,clpd485c00006a51s0i19urig
clpd6pc3e002s9sotxw4uljl7,clpd485c00006a51s0i19urig
clpd6q9wi00329sot88bfhyfx,clpd485c00006a51s0i19urig
clpd6qkfl00349sotvykchh8m,clpd485c00006a51s0i19urig
clpd6qy4700369sotrz0rpl1w,clpd485c00006a51s0i19urig
clpd6slnw003b9sot9l8cfsnb,clpd485c00006a51s0i19urig
clpd6tajw003g9soteegrclkx,clpd485c00006a51s0i19urig
clpd6tp6n003k9sotyogfm98x,clpd485c00006a51s0i19urig
clpd6tyff003m9sotw3e6yx7a,clpd485c00006a51s0i19urig
clpd6ufdd003o9sotsykfbnjs,clpd485c00006a51s0i19urig
clpd6uths003t9sotp7wq4sre,clpd485c00006a51s0i19urig
clpd6wh9000419sotpmb5lohw,clpd485c00006a51s0i19urig
clpd6wsxj00449sot4m0rnkbp,clpd485c00006a51s0i19urig
clpd6x4sq00479sot9w20ocho,clpd485c00006a51s0i19urig
clpd6xmq2004a9sotqvd6mm5v,clpd485c00006a51s0i19urig
clpd6xyyz004d9sot9pu6yqxo,clpd485c00006a51s0i19urig
clpd6yadr004g9sotrpsyjsmw,clpd485c00006a51s0i19urig
clpd6yvxh004l9sotm6igd4st,clpd485c00006a51s0i19urig
clpd6zv9j004q9sotlod1pbui,clpd485c00006a51s0i19urig
clpd70hc6004w9sotcxhikwj6,clpd485c00006a51s0i19urig
clpd70xta004z9sotq2x0gmrn,clpd485c00006a51s0i19urig
clpd71noj00529sotywt26inj,clpd485c00006a51s0i19urig
clpd739ua00599sotvkmzlbdm,clpd485c00006a51s0i19urig
clpd77ugh005e9sotb1lhnc26,clpd485c00006a51s0i19urig
clpd79qv3005r9sot4kb872lc,clpd485c00006a51s0i19urig
clpdmxzlm0006qkjes7q5upcb,clpd485c00006a51s0i19urig
clpdmy8430008qkjejde74zsx,clpd485c00006a51s0i19urig
clpdn0ov6000iqkje6bnvd2g4,clpd485c00006a51s0i19urig
clpdn0y7y000lqkjekljp0vjl,clpd485c00006a51s0i19urig
clpdn1f8v000nqkje673r9jt3,clpd485c00006a51s0i19urig
clpdn4bgx0015qkjeky9afqpe,clpd485c00006a51s0i19urig
clpdn4m0c0017qkjeaor8mcas,clpd485c00006a51s0i19urig
clpdn5cj2001dqkjecs04qhfg,clpd485c00006a51s0i19urig
clpdn5mla001gqkjernw7qhiw,clpd485c00006a51s0i19urig
clpdn5vpj001jqkjen88zhgvc,clpd485c00006a51s0i19urig
clpdn63mr001mqkjermbs3pt1,clpd485c00006a51s0i19urig
clpdn6b0i001oqkjehohqhal8,clpd485c00006a51s0i19urig
clpdnfno00002qno9ufbluxgi,clpd485c00006a51s0i19urig
clpdng2vf0006qno91wobrsg0,clpd485c00006a51s0i19urig
clpdngo9w0008qno9rimyp1jc,clpd485c00006a51s0i19urig
clpdnh1b8000bqno9wtginx8s,clpd485c00006a51s0i19urig
clpdnhd8h000fqno9l5knq9yl,clpd485c00006a51s0i19urig
clpdnholf000jqno9ocwyk2h9,clpd485c00006a51s0i19urig
clpdni0i1000nqno9c54shfep,clpd485c00006a51s0i19urig
clpdnifnw000qqno9ennflv3d,clpd485c00006a51s0i19urig
clpdnioee000tqno980ks2xco,clpd485c00006a51s0i19urig
clpdnjdt4000xqno9woyye8bz,clpd485c00006a51s0i19urig
clpdnk2n70012qno9g7ouxv2t,clpd485c00006a51s0i19urig
clpdnkjph0016qno9ev8pzilz,clpd485c00006a51s0i19urig
clpdnl8fb0019qno93kulpa2d,clpd485c00006a51s0i19urig
clpdnlpmz001eqno9se5ev91k,clpd485c00006a51s0i19urig
clpdnm3w0001hqno96ahy3llv,clpd485c00006a51s0i19urig
clpdnn2zs001lqno90992ezjn,clpd485c00006a51s0i19urig
clpdnndyw001oqno9tvlzzl4q,clpd485c00006a51s0i19urig
clpdnnu2c001rqno9y6oqi5j3,clpd485c00006a51s0i19urig
clpdno4v0001uqno9izzxflko,clpd485c00006a51s0i19urig
clpdnogiz001xqno9nb3qdxs6,clpd485c00006a51s0i19urig
clpdnoq690020qno9zmu23hvk,clpd485c00006a51s0i19urig
clpdnp31c0023qno9mrwwy3ew,clpd485c00006a51s0i19urig
clpehi9po0002bqkfovw2uc25,clpd485c00006a51s0i19urig
clpehp3k60005bqkfo9awqjj4,clpd485c00006a51s0i19urig
clpehpfc50008bqkfl3ddt1kt,clpd485c00006a51s0i19urig
clpehps9v000bbqkf9bmrkccy,clpd485c00006a51s0i19urig
clpehqhdt000ebqkfd1e5dm8b,clpd485c00006a51s0i19urig
clpehqs8c000hbqkfn9oobdwo,clpd485c00006a51s0i19urig
clpehr0oh000kbqkfwpze7cr0,clpd485c00006a51s0i19urig
clpehsu4k000nbqkfptfmbcw4,clpd485c00006a51s0i19urig
clpeht5f7000qbqkfw7n7cei4,clpd485c00006a51s0i19urig
clpehtegh000tbqkfl70nhbco,clpd485c00006a51s0i19urig
clpehtu6e000wbqkf5y6m563e,clpd485c00006a51s0i19urig
clpehu354000zbqkfpkg0fvtq,clpd485c00006a51s0i19urig
clpehuc5o0012bqkfwpjqofy0,clpd485c00006a51s0i19urig
clpehun7q0015bqkfbmxqhvu7,clpd485c00006a51s0i19urig
clpehuyf30018bqkfn8hxhiry,clpd485c00006a51s0i19urig
clpehv6nb001bbqkfht98mj7n,clpd485c00006a51s0i19urig
clpehvdut001ebqkftj44ces6,clpd485c00006a51s0i19urig
clpehvlbc001hbqkfade7zcpn,clpd485c00006a51s0i19urig
clpehvump001kbqkfv91zspvh,clpd485c00006a51s0i19urig
clpehwghn001nbqkfxiwqmwsp,clpd485c00006a51s0i19urig
clpehwp8y001qbqkfbrodze94,clpd485c00006a51s0i19urig
clpehwx0g001tbqkfgvl4tzcx,clpd485c00006a51s0i19urig
clpehx7wu001wbqkfb5kcf8g8,clpd485c00006a51s0i19urig
clpehxl3n001zbqkfoyirmlvg,clpd485c00006a51s0i19urig
clpehxz9s0022bqkfl2totp1y,clpd485c00006a51s0i19urig
clpehycle0025bqkfyesjp8dg,clpd485c00006a51s0i19urig
clpehysk10028bqkfaz3j911v,clpd485c00006a51s0i19urig
clpehyzsr002bbqkfcx2iu7s7,clpd485c00006a51s0i19urig
clpehzk3t002ebqkfzent0byh,clpd485c00006a51s0i19urig
clpehzyoc002hbqkf4no7zr2k,clpd485c00006a51s0i19urig
clpei0h8z002kbqkf5z4ncycp,clpd485c00006a51s0i19urig
clpei0rqy002nbqkfrusxey9d,clpd485c00006a51s0i19urig
clpei1wri002qbqkfrkdczqjz,clpd485c00006a51s0i19urig
clpei2cii002ubqkf2pwwa5ac,clpd485c00006a51s0i19urig
clpei2n7p002xbqkfbun76am1,clpd485c00006a51s0i19urig
clpei3q5r0033bqkfmjhcl0tl,clpd485c00006a51s0i19urig
clpei3y0m0036bqkfavewjaxd,clpd485c00006a51s0i19urig
clpei490m0039bqkfvwe1pnam,clpd485c00006a51s0i19urig
clpei4utu003ebqkfb8xzizo7,clpd485c00006a51s0i19urig
clpei5igf003hbqkflpuk4n3d,clpd485c00006a51s0i19urig
clpei5wte003kbqkfkqciwnep,clpd485c00006a51s0i19urig
clpei8b7p003tbqkfc4s3jinm,clpd485c00006a51s0i19urig
clpei8mjw003xbqkfwghao35f,clpd485c00006a51s0i19urig
clpei9b7l0040bqkfupivuwbt,clpd485c00006a51s0i19urig
clpei9jr30043bqkfbo3t0zvm,clpd485c00006a51s0i19urig
clpei9yci0046bqkfvg1lzta0,clpd485c00006a51s0i19urig
clpeiaxjw0049bqkfo8zdsmsb,clpd485c00006a51s0i19urig
clpeibal4004cbqkf6iaeu04w,clpd485c00006a51s0i19urig
clpeibs37004gbqkfbnwcv3x9,clpd485c00006a51s0i19urig
clpeic4ce004jbqkfp1vvz2sp,clpd485c00006a51s0i19urig
clpeicdrm004mbqkfm60v0h5v,clpd485c00006a51s0i19urig
clpeidhlt004sbqkfkidwr079,clpd485c00006a51s0i19urig
clpeidz7g004vbqkfuys4053k,clpd485c00006a51s0i19urig
clpeiepxg004ybqkfjjig0vxp,clpd485c00006a51s0i19urig
clpeifnvf0054bqkfdv4nqjt6,clpd485c00006a51s0i19urig
clpeifzgs0058bqkf2xsvz47x,clpd485c00006a51s0i19urig
clpeigs28005cbqkfduck8y77,clpd485c00006a51s0i19urig
clpeihbrf005gbqkfocjwr7dw,clpd485c00006a51s0i19urig
clpeii8ot005jbqkf70ipr3o0,clpd485c00006a51s0i19urig
clpeijmup005ubqkfizq53z2m,clpd485c00006a51s0i19urig
clpeijtkb005wbqkfkqcrfj6t,clpd485c00006a51s0i19urig
clpeik6au005zbqkf2hic4a2x,clpd485c00006a51s0i19urig
clpeikhi30062bqkfcvpqkhtn,clpd485c00006a51s0i19urig
clpeil7mz006abqkfel2irrg7,clpd485c00006a51s0i19urig
clpeilpv7006dbqkfh9phfn6n,clpd485c00006a51s0i19urig
clpeimo3a006mbqkf2m89hevn,clpd485c00006a51s0i19urig
clpeimwsm006obqkfiis9binn,clpd485c00006a51s0i19urig
clpein5re006qbqkf73kqdo0q,clpd485c00006a51s0i19urig
clpeinkfs006tbqkf296tk61i,clpd485c00006a51s0i19urig
clpeiq9nt007bbqkfjvfwsf80,clpd485c00006a51s0i19urig
clpeiqpok007dbqkfeewbu9tv,clpd485c00006a51s0i19urig
clpeir2uw007fbqkfg5xe9qkh,clpd485c00006a51s0i19urig
clpeirfyj007jbqkfrml1acl5,clpd485c00006a51s0i19urig
clpeisdqq007lbqkfs7y2qwkh,clpd485c00006a51s0i19urig
clpeislif007nbqkfp2hxd07t,clpd485c00006a51s0i19urig
clpeisttz007qbqkfqtb7l95p,clpd485c00006a51s0i19urig
clpejoyrp000034reknb3wgt9,clpd485c00006a51s0i19urig
clpejq724000c34re776gsgnr,clpd485c00006a51s0i19urig
clpejqh6b000e34reglp73kxu,clpd485c00006a51s0i19urig
clpejqtgk000g34relr4t384j,clpd485c00006a51s0i19urig
clpejr3zz000j34re31jhmy46,clpd485c00006a51s0i19urig
clpejrtg3000m34ress7v7d57,clpd485c00006a51s0i19urig
clpejt0zt000z34rea3hxyxuf,clpd485c00006a51s0i19urig
clpejure5001234reyeu0lpyw,clpd485c00006a51s0i19urig
clpejv4m4001534rei71tath7,clpd485c00006a51s0i19urig
clpejvdkw001734reryvm9h8u,clpd485c00006a51s0i19urig
clpejvlfa001934reusecvmpe,clpd485c00006a51s0i19urig
clpejw1fj001b34rehi3qfrgd,clpd485c00006a51s0i19urig
clpejwynb001f34reujjcihpm,clpd485c00006a51s0i19urig
clpejxui0001k34reeynokimx,clpd485c00006a51s0i19urig
clpejywct001n34re0wy54kjt,clpd485c00006a51s0i19urig
clpek15sx001u34recbl3nz2l,clpd485c00006a51s0i19urig
clpek23j8002134rekepcbi3w,clpd485c00006a51s0i19urig
clpek2fxn002434rewyal6tq4,clpd485c00006a51s0i19urig
clpek2y2b002634reab5iq3ob,clpd485c00006a51s0i19urig
clpek48dc002834rev64pkftj,clpd485c00006a51s0i19urig
clpek4iik002b34regjgjrmyn,clpd485c00006a51s0i19urig
clpek6f32002v34rep0qhfw3s,clpd485c00006a51s0i19urig
clpek81qt003834redak663vz,clpd485c00006a51s0i19urig
clpek8t06003a34resbb26irh,clpd485c00006a51s0i19urig
clpekb7m1003q34rex3v49i5v,clpd485c00006a51s0i19urig
clpekbhgl003t34rebvigexdu,clpd485c00006a51s0i19urig
clpekeyim004d34rej68n3pix,clpd485c00006a51s0i19urig
clpekf97s004g34reo2hbmv8g,clpd485c00006a51s0i19urig
clpekft0t004k34req2o9q7pq,clpd485c00006a51s0i19urig
clpekj4tg004o34refrm7qtg1,clpd485c00006a51s0i19urig
clpekjf3o004r34reqk6johls,clpd485c00006a51s0i19urig
clpekkrse005d34rewx2f9n2i,clpd485c00006a51s0i19urig
clpekky8l005f34refde0gtkm,clpd485c00006a51s0i19urig
clpekl5x3005h34replsce3q5,clpd485c00006a51s0i19urig
clpeklfdc005k34rewkj73cez,clpd485c00006a51s0i19urig
clpeklyc9005m34re980iysxj,clpd485c00006a51s0i19urig
clpekmgc7005q34rey1d9u6zg,clpd485c00006a51s0i19urig
clpekmn3r005t34reln7minww,clpd485c00006a51s0i19urig
clpekn0ih005v34reahgbjgfo,clpd485c00006a51s0i19urig
clpekohm6006k34reaz1pvidm,clpd485c00006a51s0i19urig
clpekp3pb006q34re2ngl0s2c,clpd485c00006a51s0i19urig
clpekpwz6006w34reiixttspe,clpd485c00006a51s0i19urig
clpekq58v007034reoic1kyb1,clpd485c00006a51s0i19urig
clpekqy8m007734reld8fpivu,clpd485c00006a51s0i19urig
clpekr7fs007a34rebxus07dg,clpd485c00006a51s0i19urig
clpekrqcv007d34re2ba2o56k,clpd485c00006a51s0i19urig
clpekso6a007q34rezguw8jxo,clpd485c00006a51s0i19urig
clpektpzg007x34regxj4wake,clpd485c00006a51s0i19urig
clpekvhoe008334rek5j32o10,clpd485c00006a51s0i19urig
clpekwg3u008c34regjr6t595,clpd485c00006a51s0i19urig
clpeky62m008e34rebg7inmmt,clpd485c00006a51s0i19urig
clplmxs7m0000usrzpeji133r,clpd485c00006a51s0i19urig
clpmv40li0000v3k0wm6ezhn7,clpd485c00006a51s0i19urig
clq8dsea70000dtfulowa95d8,clpd485c00006a51s0i19urig
clq8dt3of0002dtfu7molpso7,clpd485c00006a51s0i19urig
clrcrey9i0000cv63zgcsr47l,clpd485c00006a51s0i19urig
clsjwuvu00001qqky6bw82j4h,clpd485c00006a51s0i19urig
cltdenkiq0001o79r38126ux7,clpd485c00006a51s0i19urig
cltdeobte0005o79rc8wi1nvq,clpd485c00006a51s0i19urig
clpd4hlfo001aa51s4x4xp0mb,clpd4hlfo001ba51sdatg5vov
clpd4kwsk001wa51smky05cgq,clpd4hlfo001ba51sdatg5vov
clpd6jwoj00259sotp5vyjouw,clpd4hlfo001ba51sdatg5vov
clpdmxtrs0004qkje03pr9v1n,clpd4hlfo001ba51sdatg5vov
clpdnh1b8000bqno9wtginx8s,clpd4hlfo001ba51sdatg5vov
clpdnhd8h000fqno9l5knq9yl,clpd4hlfo001ba51sdatg5vov
clpdnholf000jqno9ocwyk2h9,clpd4hlfo001ba51sdatg5vov
clpdnifnw000qqno9ennflv3d,clpd4hlfo001ba51sdatg5vov
clpdnkcdq0014qno9lyxo1hvj,clpd4hlfo001ba51sdatg5vov
clpei33bs002zbqkfjouwybl1,clpd4hlfo001ba51sdatg5vov
clpeigs28005cbqkfduck8y77,clpd4hlfo001ba51sdatg5vov
clpeik6au005zbqkf2hic4a2x,clpd4hlfo001ba51sdatg5vov
clpeim0ec006gbqkf0qla68dk,clpd4hlfo001ba51sdatg5vov
clpejoyrp000034reknb3wgt9,clpd4hlfo001ba51sdatg5vov
clpejw1fj001b34rehi3qfrgd,clpd4hlfo001ba51sdatg5vov
clpek5xau002s34rev182g00x,clpd4hlfo001ba51sdatg5vov
clpekdnoa004434re50rzo644,clpd4hlfo001ba51sdatg5vov
clpeklyc9005m34re980iysxj,clpd4hlfo001ba51sdatg5vov
clpekpwz6006w34reiixttspe,clpd4hlfo001ba51sdatg5vov
clpekrqcv007d34re2ba2o56k,clpd4hlfo001ba51sdatg5vov
clpekvhoe008334rek5j32o10,clpd4hlfo001ba51sdatg5vov
clpd4lwyk0021a51suboqfij5,clpd4lwyl0022a51s6s1me394
clpd4mghw0023a51sxkwofa7h,clpd4lwyl0022a51s6s1me394
clpd4msdv0025a51smim0jdds,clpd4lwyl0022a51s6s1me394
clpd5bo7t004da51s27vdfblr,clpd4lwyl0022a51s6s1me394
clpejsby0000t34reiqvlo3v8,clpd4lwyl0022a51s6s1me394
clrcrey9i0000cv63zgcsr47l,clpd4lwyl0022a51s6s1me394
clpd4rv4g002la51s6s3n54yx,clpd4rv4g002ma51se7lca5rg
clpd4upxl002oa51szxfrei9f,clpd4rv4g002ma51se7lca5rg
clpd4wpsv002ra51scwhjtmjs,clpd4rv4g002ma51se7lca5rg
clpd4y6ua002va51suy63tc2b,clpd4rv4g002ma51se7lca5rg
clpd4z2hj002ya51s6ms5y6hr,clpd4rv4g002ma51se7lca5rg
clpd4zkxu0031a51smwl14jsk,clpd4rv4g002ma51se7lca5rg
clpd53or20035a51s3vucgznf,clpd4rv4g002ma51se7lca5rg
clpd542w10038a51sft6y3yx0,clpd4rv4g002ma51se7lca5rg
clpd54nvm003ba51s4tggarj3,clpd4rv4g002ma51se7lca5rg
clpd550io003ea51sus5oosik,clpd4rv4g002ma51se7lca5rg
clpd55f19003ha51sl9j0be5a,clpd4rv4g002ma51se7lca5rg
clpd55v14003ka51sk27ani4q,clpd4rv4g002ma51se7lca5rg
clpd57b3k003oa51se8iokkbl,clpd4rv4g002ma51se7lca5rg
clpd583zm003ra51s9l7dkyq9,clpd4rv4g002ma51se7lca5rg
clpd58pay003ua51shx1ymg0h,clpd4rv4g002ma51se7lca5rg
clpd594v9003xa51shsch3vhj,clpd4rv4g002ma51se7lca5rg
clpd59pm10040a51smawc30ke,clpd4rv4g002ma51se7lca5rg
clpd5bzrj004fa51sffzmfxru,clpd4rv4g002ma51se7lca5rg
clpd70xta004z9sotq2x0gmrn,clpd4rv4g002ma51se7lca5rg
clpeii8ot005jbqkf70ipr3o0,clpd4rv4g002ma51se7lca5rg
clpd5auk80047a51sntcd8v58,clpd5auk90048a51stpasfhkq
clpd5cf7m004ka51sc5y0j8ty,clpd5auk90048a51stpasfhkq
clpd5veki001qcwpb11rim8jp,clpd5auk90048a51stpasfhkq
clpeiky6n0068bqkffluudn6r,clpd5auk90048a51stpasfhkq
clpeimgbf006jbqkfmynn9lyf,clpd5auk90048a51stpasfhkq
clpd5be2n004aa51svl5r4900,clpd5be2n004ba51s6b7z7r9j
clpekn0ih005v34reahgbjgfo,clpd5be2n004ba51s6b7z7r9j
clpd5lfxi0000cwpb9ovu9e3e,clpd5lfxj0001cwpbuppyjg7w
clpd5pbmv000icwpb46d3ogqk,clpd5lfxj0001cwpbuppyjg7w
clpd6pjlr002v9sotn30vouxb,clpd5lfxj0001cwpbuppyjg7w
clpei6rhd003pbqkf4a3q3jpt,clpd5lfxj0001cwpbuppyjg7w
clpd64l4j00089sot7mu0ssxl,clpd64l4j00099sotr8ci0vxj
clpd6563p000a9sotz4p5yhba,clpd64l4j00099sotr8ci0vxj
clpd6ouqy002p9sot1nnw2b4k,clpd64l4j00099sotr8ci0vxj
clpeifzgs0058bqkf2xsvz47x,clpd64l4j00099sotr8ci0vxj
clpeij9yj005sbqkf5qn4a9em,clpd64l4j00099sotr8ci0vxj
clpeinkfs006tbqkf296tk61i,clpd64l4j00099sotr8ci0vxj
clpejywct001n34re0wy54kjt,clpd64l4j00099sotr8ci0vxj
clpd6jdvf00219sotyvxy638c,clpd6jdvf00229soth1szqjc5
clpd722e400559sot65kxs4k3,clpd6jdvf00229soth1szqjc5
clpd77fa0005c9sot8h6td0v1,clpd6jdvf00229soth1szqjc5
clpei6ays003mbqkfc55debzj,clpd6jdvf00229soth1szqjc5
clpeiiioj005mbqkflzg9y0a3,clpd6jdvf00229soth1szqjc5
clpd6slnw003b9sot9l8cfsnb,clpd6slnw003c9sotzfj7gwis
clpd6w1se003z9sottam5m7i6,clpd6slnw003c9sotzfj7gwis
clpd6wh9000419sotpmb5lohw,clpd6slnw003c9sotzfj7gwis
clpd6wsxj00449sot4m0rnkbp,clpd6slnw003c9sotzfj7gwis
clpd6x4sq00479sot9w20ocho,clpd6slnw003c9sotzfj7gwis
clpd6xmq2004a9sotqvd6mm5v,clpd6slnw003c9sotzfj7gwis
clpd6xyyz004d9sot9pu6yqxo,clpd6slnw003c9sotzfj7gwis
clpd6yadr004g9sotrpsyjsmw,clpd6slnw003c9sotzfj7gwis
clpd6yvxh004l9sotm6igd4st,clpd6slnw003c9sotzfj7gwis
clpd70hc6004w9sotcxhikwj6,clpd6slnw003c9sotzfj7gwis
clpd71noj00529sotywt26inj,clpd6slnw003c9sotzfj7gwis
clpd739ua00599sotvkmzlbdm,clpd6slnw003c9sotzfj7gwis
clpdnlpmz001eqno9se5ev91k,clpd6slnw003c9sotzfj7gwis
clpdnm3w0001hqno96ahy3llv,clpd6slnw003c9sotzfj7gwis
clpdnn2zs001lqno90992ezjn,clpd6slnw003c9sotzfj7gwis
clpdnndyw001oqno9tvlzzl4q,clpd6slnw003c9sotzfj7gwis
clpdnnu2c001rqno9y6oqi5j3,clpd6slnw003c9sotzfj7gwis
clpdno4v0001uqno9izzxflko,clpd6slnw003c9sotzfj7gwis
clpdnogiz001xqno9nb3qdxs6,clpd6slnw003c9sotzfj7gwis
clpdnoq690020qno9zmu23hvk,clpd6slnw003c9sotzfj7gwis
clpehi9po0002bqkfovw2uc25,clpd6slnw003c9sotzfj7gwis
clpehp3k60005bqkfo9awqjj4,clpd6slnw003c9sotzfj7gwis
clpehpfc50008bqkfl3ddt1kt,clpd6slnw003c9sotzfj7gwis
clpehqs8c000hbqkfn9oobdwo,clpd6slnw003c9sotzfj7gwis
clpehr0oh000kbqkfwpze7cr0,clpd6slnw003c9sotzfj7gwis
clpehsu4k000nbqkfptfmbcw4,clpd6slnw003c9sotzfj7gwis
clpeht5f7000qbqkfw7n7cei4,clpd6slnw003c9sotzfj7gwis
clpehtegh000tbqkfl70nhbco,clpd6slnw003c9sotzfj7gwis
clpehtu6e000wbqkf5y6m563e,clpd6slnw003c9sotzfj7gwis
clpehu354000zbqkfpkg0fvtq,clpd6slnw003c9sotzfj7gwis
clpehuc5o0012bqkfwpjqofy0,clpd6slnw003c9sotzfj7gwis
clpehun7q0015bqkfbmxqhvu7,clpd6slnw003c9sotzfj7gwis
clpehuyf30018bqkfn8hxhiry,clpd6slnw003c9sotzfj7gwis
clpehv6nb001bbqkfht98mj7n,clpd6slnw003c9sotzfj7gwis
clpehvdut001ebqkftj44ces6,clpd6slnw003c9sotzfj7gwis
clpehvlbc001hbqkfade7zcpn,clpd6slnw003c9sotzfj7gwis
clpehvump001kbqkfv91zspvh,clpd6slnw003c9sotzfj7gwis
clpehwghn001nbqkfxiwqmwsp,clpd6slnw003c9sotzfj7gwis
clpehwp8y001qbqkfbrodze94,clpd6slnw003c9sotzfj7gwis
clpehwx0g001tbqkfgvl4tzcx,clpd6slnw003c9sotzfj7gwis
clpehx7wu001wbqkfb5kcf8g8,clpd6slnw003c9sotzfj7gwis
clpehxl3n001zbqkfoyirmlvg,clpd6slnw003c9sotzfj7gwis
clpehxz9s0022bqkfl2totp1y,clpd6slnw003c9sotzfj7gwis
clpehycle0025bqkfyesjp8dg,clpd6slnw003c9sotzfj7gwis
clpehysk10028bqkfaz3j911v,clpd6slnw003c9sotzfj7gwis
clpehyzsr002bbqkfcx2iu7s7,clpd6slnw003c9sotzfj7gwis
clpehzk3t002ebqkfzent0byh,clpd6slnw003c9sotzfj7gwis
clpehzyoc002hbqkf4no7zr2k,clpd6slnw003c9sotzfj7gwis
clpei0h8z002kbqkf5z4ncycp,clpd6slnw003c9sotzfj7gwis
clpei0rqy002nbqkfrusxey9d,clpd6slnw003c9sotzfj7gwis
clpei2cii002ubqkf2pwwa5ac,clpd6slnw003c9sotzfj7gwis
clpei3q5r0033bqkfmjhcl0tl,clpd6slnw003c9sotzfj7gwis
clpei4utu003ebqkfb8xzizo7,clpd6slnw003c9sotzfj7gwis
clpeibs37004gbqkfbnwcv3x9,clpd6slnw003c9sotzfj7gwis
clpeiepxg004ybqkfjjig0vxp,clpd6slnw003c9sotzfj7gwis
clpeikhi30062bqkfcvpqkhtn,clpd6slnw003c9sotzfj7gwis
clpeil7mz006abqkfel2irrg7,clpd6slnw003c9sotzfj7gwis
clpein5re006qbqkf73kqdo0q,clpd6slnw003c9sotzfj7gwis
clpejqtgk000g34relr4t384j,clpd6slnw003c9sotzfj7gwis
clpejr3zz000j34re31jhmy46,clpd6slnw003c9sotzfj7gwis
clpejrtg3000m34ress7v7d57,clpd6slnw003c9sotzfj7gwis
clpek23j8002134rekepcbi3w,clpd6slnw003c9sotzfj7gwis
clpek4iik002b34regjgjrmyn,clpd6slnw003c9sotzfj7gwis
clpeky62m008e34rebg7inmmt,clpd6slnw003c9sotzfj7gwis
clsjwuvu00001qqky6bw82j4h,clpd6slnw003c9sotzfj7gwis
clpd72vlm00579sot5723skgi,clpd72vlm00589sotjuh6t5sm
clpdni0i1000nqno9c54shfep,clpd72vlm00589sotjuh6t5sm
clpdnkjph0016qno9ev8pzilz,clpd72vlm00589sotjuh6t5sm
clpdnp31c0023qno9mrwwy3ew,clpd72vlm00589sotjuh6t5sm
clpehqhdt000ebqkfd1e5dm8b,clpd72vlm00589sotjuh6t5sm
clpei9yci0046bqkfvg1lzta0,clpd72vlm00589sotjuh6t5sm
clpejrtg3000m34ress7v7d57,clpd72vlm00589sotjuh6t5sm
clpek48dc002834rev64pkftj,clpd72vlm00589sotjuh6t5sm
clpek7jej003634rezqpaejrl,clpd72vlm00589sotjuh6t5sm
clpekb7m1003q34rex3v49i5v,clpd72vlm00589sotjuh6t5sm
clpekbhgl003t34rebvigexdu,clpd72vlm00589sotjuh6t5sm
clpekmgc7005q34rey1d9u6zg,clpd72vlm00589sotjuh6t5sm
clpekqy8m007734reld8fpivu,clpd72vlm00589sotjuh6t5sm
clpd79dz7005p9soto74798s7,clpd79dz7005q9sotgus75wwx
clpdmxazo0000qkjeh889vxol,clpd79dz7005q9sotgus75wwx
clpdn3144000vqkjejslmb1ng,clpd79dz7005q9sotgus75wwx
clpeip62y0074bqkf4qcldo35,clpd79dz7005q9sotgus75wwx
clpd79qv3005r9sot4kb872lc,clpd79qv3005s9sotl05dmryo
clpdn5cj2001dqkjecs04qhfg,clpd79qv3005s9sotl05dmryo
clpdn5mla001gqkjernw7qhiw,clpd79qv3005s9sotl05dmryo
clpdn5vpj001jqkjen88zhgvc,clpd79qv3005s9sotl05dmryo
clpdn2ir0000rqkjedk3y3fqn,clpdn2ir0000sqkjedva1gk56
clpdn2prr000tqkjeq83dz6cg,clpdn2ir0000sqkjedva1gk56
clpei1wri002qbqkfrkdczqjz,clpdn2ir0000sqkjedva1gk56
clpei9jr30043bqkfbo3t0zvm,clpdn2ir0000sqkjedva1gk56
clpeid01w004pbqkfr9ijyj4a,clpdn2ir0000sqkjedva1gk56
clpdnfc8c0000qno9zmwm8che,clpdnfc8c0001qno90s5pvlyp
clpdnizqu000vqno98f54xu8p,clpdnfc8c0001qno90s5pvlyp
clpdnjslj000zqno9o25nnuoj,clpdnfc8c0001qno90s5pvlyp
clpehps9v000bbqkf9bmrkccy,clpdnfc8c0001qno90s5pvlyp
clpei1wri002qbqkfrkdczqjz,clpdnfc8c0001qno90s5pvlyp
clpei4mpc003cbqkftaf8ggqt,clpdnfc8c0001qno90s5pvlyp
clpeibal4004cbqkf6iaeu04w,clpdnfc8c0001qno90s5pvlyp
clpeid01w004pbqkfr9ijyj4a,clpdnfc8c0001qno90s5pvlyp
clpeifzgs0058bqkf2xsvz47x,clpdnfc8c0001qno90s5pvlyp
clpeiix5b005pbqkfx4b4jkea,clpdnfc8c0001qno90s5pvlyp
clpeisttz007qbqkfqtb7l95p,clpdnfc8c0001qno90s5pvlyp
clpejxf03001i34re71e49ms0,clpdnfc8c0001qno90s5pvlyp
clpek5xau002s34rev182g00x,clpdnfc8c0001qno90s5pvlyp